﻿tipe_use_nonuse,a1,a3,a3_detail,a4,a4_detail,a5,a6,a6_alasan,a10,a14,a15,a15_detail,a16,a16_detail,a17,a17_alasan,a18,a18_penjelasan,
use,b,a,,b,,a,d,asap mengganggu kesehatan,a,b,,,b,,d,mencegah kebakaran lahan,d,,
use,a,b,,a,,a,e,karena mengganggu kesehatan,a,b,,,c,,d,,e,,
use,b,a,,b,,a,d,bisa membakar kebun,a,b,,,b,,d,mencegah kebakaran,g,kegiatan pembasahan dilakukan gotong royong,
use,b,a,,b,,a,d,"gambut dibakar tidak bisa dikelola, asap menghambat pertumbuhan",a,b,,,b,,d,mencegah kebakaran,f,"petani mandiri punya sumur bor, kebutuhan untuk menyiram tanaman dan api",
use,a,a,,b,,a,d,kalau dibakar bahaya untuk lingkungan,a,b,,,b,,d,bagus agar tidak ada kendala apa-apa,f,karena tidak tahu,
use,b,a,,b,,a,e,agar tidak kebakaran,a,b,,,a,,e,agar tidak kebakaran,b,tidak ada ajakan,
use,b,a,,b,,b,e,mengurangi polusi,a,b,,,b,,e,menjaga kebun agar tidak terbakar,b,karena memang tidak diikutsertakan,
use,a,,,b,,a,a,"biar tidak ada asap, biar aman lahannya",a,b,,,a,,d,dapat mengatasi kekeringan,b,masyarakat sudah punya sumur bor sendiri,
use,b,a,,b,,a,e,demi kesejahteraan masyarakat,a,b,,,c,bertani,d,meningkatkan kesejahteraan,f,sulit dijangkau,
use,a,a,,b,,b,d,,b,b,,,a,,d,,f,,
use,a,a,,b,,a,e,rugi dalam musim penghujan airnya ngendap dan membanjiri kebun,a,b,,,b,,e,"bagus untuk menahan air, dan untuk pembasahan gambut agar tidak terbakar",e,sulit dijangkau,
use,a,a,,b,,a,e,supaya tidak terjadi kebakaran,a,b,,,b,,e,untuk mencegah agar lahan tidak mudah terbakar dan dimakan api,d,terlambat mengatasi masalah,
use,a,a,,b,,a,e,melindungi lahan dari kebakaran,a,b,,,b,,e,apabila berjalan dengan fungsi,f,,
use,a,a,,b,,a,e,"bikin polisi udara, tanaman jadi gagal panen",a,b,,,a,,e,agar tidak terjadi kebakaran,d,dilakukan hanya ketika sudah terbakar,
use,a,c,,d,,a,e,untuk kebaikan masyarakat juga,a,b,,,b,,e,mencegah kebakaran,f,,
use,a,a,,b,,a,e,menjaga lahan dengan baik,a,b,,,b,,e,supaya lahan gambut enggan terjadi kebakaran,f,,
use,a,a,,b,,a,e,bikin asap kalau ada kebakaran,a,b,,,c,,e,agar tidak terjadi kebakaran,c,karena perlengkapan alat kurang memenuhi,
use,b,f,nelayan,c,,a,d,,a,b,,,b,,d,,e,,
use,b,a,,b,,a,e,asap dan api bisa merusak tanaman,a,b,,,b,,e,membantu petani,e,,
use,b,a,,b,,a,d,asap tidak baik untuk tanaman mengganggu pertumbuhan,a,b,,,d,,d,tanah tidak kering,d,dana baru keluar jika status darurat,
use,b,a,,b,,a,d,"masalahnya merusak pertanian, tidak hidup tanamannya",a,b,,,a,,d,sendaianya ada sumur bor langsung datang,f,,
use,b,a,,b,,a,e,supaya tidak terjadi kebakaran,a,b,,,c,,e,mencegah kebakaran,c,kurang dana untuk perawatan dan pembersihan,
use,b,a,,b,,a,d,merusak tanah asap pekat,a,a,a,,,,e,,f,,
use,b,a,,b,,a,e,agar tidak kabut asap,a,b,,,b,,e,karena membantu agar tidak kebakaran,b,,
use,b,a,,c,,a,d,merusak hutan,a,b,,,b,,a,mencegah kebakaran hutan,"a,b,c,e","tidak sepadan dengan lelah, karena warga ada kesibukan lain, tidak sesuai dengan lelah, beberapa km ke dalam hutan",
use,b,a,,c,,b,e,agar tidak adanya asap lagi,a,b,,,b,,e,agar tidak ada kebakaran,b,tidak ada ajakan,
use,a,a,,a,,a,d,supaya tidak terbakar dan terjaga,a,a,"a,b,c,d",,,,e,karena ikut bekerja,"a,b,c,d,e",,
use,a,a,,b,,a,e,,a,b,,,c,,e,karena menjaga untuk agar lahan tidak terbakar,b,kurangnya sosialisasi,
use,a,a,,b,,a,e,,a,a,c,,,,e,bagus untuk masyarakat,e,,
use,a,a,,b,,a,e,karena biar menjaga lahan,a,b,,,a,,d,karena mengantisipasi kebakaran,b,tak tahu informasi,
use,a,a,,b,,a,d,,a,b,,,b,,d,,b,,
use,a,a,,a,,a,d,,a,b,,,c,,e,,e,,
use,a,e,,a,,a,d,,a,a,a,,,,d,,e,,
use,b,e,,a,,a,d,,a,b,,,d,,d,,f,,
use,b,a,,b,,a,d,kebun bisa terbakar,a,b,,,d,,d,lahan tidak mudah terbakar,d,pembasahan hanya ada jika terjadi kebakaran,
use,b,f,nelayan,a,,a,b,,a,b,,,b,,d,,b,,
use,,,,,,,,,,,,,,,,,,,
use,b,f,"nelayan, pekerja serabutan",a,,a,b,asap mengganggu kesehatan,a,b,,,b,,d,,b,,
use,b,a,,b,,a,d,,a,b,,,b,,d,,b,,
use,a,c,,a,,a,a,anggota MPA,a,a,a,,,,e,untuk kesehatan,c,logistik belum disiapkan,
use,a,f,swasta,a,,a,d,,a,a,c,,,,d,,e,,
use,a,f,buruh,a,,a,e,,,a,a,,,,e,,"a,b,c",,
use,b,a,,b,,a,d,,a,b,,,a,,d,,f,,
use,a,"aa,c",,b,,a,d,,a,a,d,,,,d,,c,,
use,a,f,serabutan,a,,a,d,karena merugikan masyarakat,a,b,,,b,,d,,b,,
use,b,a,,a,,a,d,demi kesehatan,a,a,e,partisipasi,b,,d,,"c,d",kurangnya perawatan,
use,b,f,swasta,a,,a,e,supaya tidak ada kebakaran hutan,a,b,,,c,,e,mencegah kebakaran,c,untuk minyak dan lain-lain,
use,a,a,,a,,a,d,karena sudah peraturan,a,b,,,b,,d,,e,,
use,b,c,,c,,a,d,mengganggu walet,a,b,,,d,,d,,"c,d",,
use,b,f,nelayan,c,,a,d,,a,b,,,b,,d,,e,,
use,b,f,nelayan,a,,a,d,alat tangkap ikan banyak ikut terbakar,a,b,,,b,,d,terbantu apabila terjadi kebakaran,e,,
use,a,a,,b,,a,e,e,a,b,a,,a,,e,agar mengantisipasi kebakaran,b,,
use,b,a,,b,,a,e,,a,a,b,,,,e,,f,,
use,a,a,,b,,a,d,,a,b,,,b,,d,,b,,
use,a,a,,b,,a,d,,b,b,,,b,,d,,b,,
use,a,a,,b,,a,e,,a,b,,,b,,e,,b,,
use,b,c,,b,,a,e,kebun habisi tanah rendah,a,a,b,,,,e,untuk persiapan tidak ada api,f,program berjalan dengan lancar,
use,a,a,,b,,a,b,,b,,,,,,,,,,
use,b,f,swasta,a,,a,e,dampak untuk masyarakat,a,a,b,,,,e,,e,tidak ada akses dan sulit dijangkau,
use,b,b,,b,,a,d,terjadi subsiden dan tanah pirit,a,a,b,,,,d,mencegah lahan terbakar,f,,
use,b,f,swasta,a,,a,e,,a,b,,,b,,e,,c,,
use,b,a,,b,,a,d,api bisa membakar kebun,a,b,,,e,"tidak pernah ada program pembasahan, sumur bor dilakukan dilakukan pemilik lahan",d,mencegah kebakaran lahan,d,kebun lahan mudah terbakar,
use,a,f,serabutan,a,,a,e,karena responden tim MPA,a,a,a,,,,e,"menjaga sumur, mencegah kebakaran",c,pencairan lambat,
use,a,a,,a,,a,e,"kesehatan, kebun merugi gagal",a,b,,,d,karena tim MPA sudah banyak,e,masalah kebakaran teratasi,f,karena masyarakat mendapatkan pendapatan,
use,b,a,,b,,a,e,kerugian yang sangat banyak,a,b,,b,b,,d,pemerintah harus siap,"b,d",,
use,b,c,,a,,a,e,,a,b,,,b,,a,,g,tidak ada pemberitahuan dari desa,
use,a,a,,b,,a,d,asap,a,b,,,d,,d,pencegahan,d,,
use,a,,,b,,b,d,,b,b,,a,,,d,supaya tidak terbakar,g,tidak tahu,
use,a,a,,a,,a,e,,a,b,,,b,,b,,d,,
use,a,a,,b,,a,d,"kalau kebanyakan dibakar, tanahnya kurang subur",a,b,,,a,,d,untuk mecegah kebakaran,"b,c,d",,
use,b,a,,b,,a,d,tidak bisa ditanam,a,a,e,sosialisasi pembakaran lahan,,,d,karena itu resapan air,d,,
use,a,a,,b,,a,e,karena merusak tanah,a,b,,,a,,e,mengantisipasi api,b,tidak taunya informasi,
use,a,a,,b,,a,e,,a,b,,,b,,d,,"b,e",,
use,a,a,,b,,a,d,,a,b,,,b,,d,membantu menanggulangi api,"b,c",,
use,a,a,,b,,a,e,,a,b,,,b,,a,,b,,
use,b,a,,b,,a,d,,a,b,,,d,,d,,g,,
use,a,a,,b,,a,d,karena kalau bakar tidak bisa bertani,a,b,,,a,,d,agar tidak terjadi kebakaran,b,,
use,a,a,,b,,a,d,,a,b,,,a,,d,karena bagus untuk lahan gambut tetap ada dan tidak dibakar,b,,
use,b,a,,b,,a,d,supaya tidak terbakar,a,b,,,d,,d,agar mengurangi kebakaran,g,kurang mengetahui secara jelas,
use,b,f,buruh lepas,b,,a,d,menjaga lingkungan,a,b,,,d,,d,mengantisipasi terjadinya kebakaran,b,kurangnya sosialisasi terhadap masyarakat,
use,a,f,pengusaha,a,,a,d,,a,b,,,b,,d,,b,,
use,b,c,,a,,a,d,,a,b,,,a,,d,,b,,
use,a,a,,b,,a,d,,a,b,,,a,,e,,c,,
use,b,f,peternak,b,,a,d,supaya tidak terjadi kebakaran,a,a,a,,,,d,menjaga lingkungan,"b,c,e",,
use,a,b,,b,,a,d,asap yang dapat mengganggu pernapasan manusia,a,b,,,c,,d,menjaga lahan agar tidak terbakar,b,tidak / kurangnya sosialisasi dan mengajak masyarakat,
use,b,a,,b,,a,d,"lahan tidak terbakar, udara tidak berkabut",a,b,,,b,,d,biar lahan aman dari kebakaran,b,,
use,a,a,,b,,a,e,menjaga lahan tidak terbakar,a,a,"a,b",,,,d,biar lahan pertanian tidak terbakar,"c,d,g",gotong royong dan swadaya masyarakat,
use,a,a,,b,,a,e,,a,b,,,b,,e,,b,ada orang tertentu,
use,a,a,,b,,a,d,,a,a,b,,,,e,,f,,
use,b,a,,b,,a,d,,a,a,b,,,,e,,f,,
use,a,a,,b,,a,d,,a,b,,,b,,d,,b.d,,
use,a,a,,b,,a,d,,a,b,,,b,,d,,b,,
use,a,f,ternak,b,,a,e,,a,b,,,b,,e,"mengantisipasi api, agar udara sehat",b,,
use,b,f,"orang upahan, buruh",b,,a,d,menjaga lahan supaya tidak terbakar,a,b,,,c,,d,menjaga lahan dari api,"b,c,e",,
use,b,"a,b,c",dinas pendidikan penjaga sekolah siang,a,,a,d,karena di satu sisi ada larangan membakar membuat minat penduduk bertani / menanam padi di gambut menjadi menurun,a,b,,,c,bekerja sebagai PNS,a,"ketika kebakaran mudah mencari air. Tetapi pada musim kemarau daya semprotnya kurang, 200 m airnya kecil","c,g","agar masyarakat lebih giat lagi dan hasilnya maksimal. Ketika musim kemarau air kurang lancar tidak maksimal, bagaimana pemeliharaan sumur bor agar penggunaannya maksimal?",
use,b,a,karet,a,,a,e,"oleh banyak petani, karet nangis oleh lahan kebakar",a,b,,,e,pernah ikut rapat,d,supaya tidak terbakar,e,,
use,a,"a,f",mantir adat,a,,a,e,keamanan kebun terjaga,a,a,d,,,,e,harus bersedia dengan pengaman sumur bor dan kebun,c,,
use,b,f,nelayan,a,,a,d,supaya tidak ada asap,a,b,,,c,,d,supaya tidak mudah terbakar,b,informasi kegiatan sangat jarang,
use,b,a,,a,,a,d,asap dan kebun terbakar,a,b,,,"b,e",lansia,d,mencegah kebakaran lahan,d,kebun rawan kebakaran,
use,b,"a,f",nelayan,a,,a,d,supaya tidak terbakar dan berasap,a,a,a,,,,d,agar gambut tidak terbakar,b,kurangnya informasi kegiatan-kegiatan,
use,b,a,karet,a,,a,b,berladang padi gunung perlu abu,a,b,,,b,,b,menutup akses transportasi,f,,
use,b,f,nelayan,a,,a,d,supaya gambut tidak terbakar,a,b,,,b,,d,agar tidak menimbulkan asap,b,kurangnya informasi di desa,
use,b,f,nelayan,a,,a,d,agar tidak ada asap,a,b,,,c,,d,agar tidak mudah terbakar,b,kurangnya pemberitahuan kegiatan,
use,b,f,nelayan,a,,a,d,agar tidak menimbulkan asap,a,b,,,c,,d,agar tidak mudah terbakar,b,kurang pemberitahuan / sosialisasi,
use,b,f,nelayan,a,,a,d,supaya tidak menyebabkan asap,a,b,,,b,,d,supaya tidak menyebabkan asap,b,kurang sosialisasi,
use,b,f,nelayan,a,,a,c,"2 alternatif, sebagai nelayan harus dibakar, sebagai penjaga taman nasional tidak boleh bakar",a,a,a,,,,e,"terlalu banyaknya api, banyak asap, banyak penyakit",,,
use,b,a,,a,,a,d,kebakaran menjalar ke kebun sendiri,a,a,a,,,,d,menahan air di saat kemarau,g,adanya ketidaksetujuan masyarakat pada kegiatan penimbunan karena mengganggu akses transportasi saat panen sengon,
use,a,f,swasta,b,,a,e,"supaya lahan tidak rusak, mengurangi asap",a,a,a,,,,e,supaya aman dari asap,"a,c,e",kurangnya alat pemadam (selang mesin). Jauhnya 3-4 km,
use,a,f,nelayan,a,,a,d,,a,a,a,,,,e,karena tanah gambut sekali kebakar susah dipadamkan,e,areanya jauh 3-4 km lebih,
use,b,f,"pedagang, berkebun, nelayan",a,,a,e,"karena mengganggu kesehatan, kebun ikut terbakar",c,b,,,b,kurang informasi dari RT,e,untuk menghindari kekeringan,g,kekurangan sumber air dan keterbatasan infrastruktur,
use,b,a,,b,,a,d,,a,b,,,b,,d,,b,,
use,b,a,,b,,a,d,asap dan kebakaran,b,b,,,b,,d,pas ada kebakaran,"a,b,c,d,e",,
use,b,c,,b,,a,a,biar aman,a,b,,,c,,e,aman,"a,c,e",,
use,b,a,,b,,a,d,"supaya tidak ada asap, lahan tidak rusak",a,b,,,b,,d,gambut tidak terbakar / rusak,b,kurang disosialisasikan,
use,b,a,,b,,a,d,menjaga ladang dan kesehatan,a,a,b,,c,,d,menjaga lahan,"a,c,d",,
use,b,f,swasta,c,,a,d,,a,a,b,,,,d,,c,,
use,a,f,perikanan,c,,a,e,mengganggu kesehatan,a,a,b,,,,e,menjaga api,f,,
use,a,a,,b,,b,d,supaya tidak membakar lahan sembarangan,a,b,,,b,,d,supaya tidak membakar lahan,b,,
use,a,a,,b,,b,d,agar rumput untuk ternak tidak habis,a,b,,,c,,d,menjaga lahan agar tidak terbakar,b,kurangnya sosialisasi,
use,b,a,,b,,a,c,bakar asal ikuti aturan,b,b,,,e,karena aman tidak terjadi kebakaran,b,pembangunan sekat kanal tidak tepat sehingga air langsung menguap kering,"c,e",,
use,a,a,,b,,a,d,tidak terjadi kebakaran,a,a,b,,c,,d,,"a,b,c",menambah sumur bor,
use,a,f,nelayan,a,,a,e,,a,a,b,,,,e,,f,,
use,a,a,,b,,a,d,tanah rusak dan mencemari lingkungan,a,b,,,b,,d,supaya tidak mudah terbakar,b,karena sudah ditangani pihak lain,
use,a,a,,b,,a,d,tidak menimbulkan asap sama rusak lahan,a,b,,,c,,d,,b,,
use,b,a,,b,,a,a,menjaga tanah dan kesehatan,a,b,b,,e,baru pindah 2 tahun,e,,"c,e","kurang infrastruktur pompa air, air",
use,a,a,,b,,a,d,tidak merusak lahan,a,a,a,,,,d,menjaga lahan,e,3-5 km bawa alatnya,
use,a,a,,b,,a,,,b,,,,,,,,,,
use,a,f,tukang pasir,a,,a,e,,a,a,a,,,,e,"meminimalkan titik api, mengurangi hotspot",c,kurangnya alat-alat mesin,
use,b,f,"tukang, nelayan",a,,a,e,,a,b,,,c,,a,,b,,
use,a,f,"tukang bangunan, nelayan",a,,a,e,,a,b,,,b,,d,,g,faktor irigasi / manajemen irigasi,
use,b,a,,b,,a,b,,,,,,,,,,,,
use,b,a,,a,,a,c,,a,b,,,b,,c,,"a,b,d,e",,
use,b,a,,b,,a,d,kebun orang lain terbakar,a,b,,,a,,d,mencegah kebakaran lahan,e,,
use,b,a,,a,,b,c,agar tidak kebakaran,a,b,,,b,,c,,"a,b,c,d,e",,
use,a,c,,b,,a,d,demi tidak ada asap,a,b,,,b,,d,demi kesejahteraan bersama,b,,
use,b,a,,a,,a,e,supaya tidak terjadi kebakaran,a,b,,,b,,e,mencegah kebakaran,c,,
use,b,a,,a,,a,e,,a,b,,,d,,e,,e,,
use,b,a,,a,,a,e,supaya tidak ada yang membakar,a,b,,,b,,a,pembasahan lahan,e,,
use,b,a,,a,,a,e,supaya tidak terjadi kebakaran,a,b,,,b,,e,mencegah terjadi kebakaran,f,,
use,b,a,,c,,a,d,asap mengganggu kesehatan,a,b,,,b,,d,kebun aman tidak terbakar,f,,
use,b,a,,c,,a,c,sebagai masyarakat pendatang,a,b,,,b,,e,ada yang sudah memulai pemasangan sumur bor,"a,b,c,d,e",,
use,a,a,,a,,a,c,tidak ada solusi,b,b,,,b,faktor usia,c,ada sumur bor tapi tidak jalan,"a,b,c,d,e",,
use,a,"a,f",ibu rumah tangga,"a,c",,a,b,kebakaran asap,a,b,,,b,,d,,"b,c,d,e",,
use,a,a,,a,,a,c,"membakar merusak, tapi tidak ada solusi dari pemerintah",a,b,,,b,,d,Cuma kurang pas peletakan sekat kanalnya sehingga tidak berpengaruh,b,tidak tau letak sumur bor yang sudah dibuat,
use,b,f,perusahaan,a,,a,d,karena kalau ada api kebun terbakar,a,a,b,,,,e,,e,"tidak berfungsi, karena terlalu dekat dengan sungai",
use,a,a,,a,,a,d,,a,a,a,,,,b,,c,"tabat lebih rendah daripada sungai, pembuatan sumur bukan pada lahan gambut",
use,b,f,"swasta, penyadap karet",a,,a,d,,a,b,,,b,,d,,e,,
use,b,f,ibu rumah tangga,a,,a,a,,a,b,,,b,,e,,b,,
use,b,a,,a,,a,a,,a,a,b,,,,a,,e,,
use,b,a,,a,,a,d,,a,a,a,,,,e,,"e,g",tabat tidak dapat membendung air,
use,b,b,,e,sunda,a,d,,a,b,,,b,,d,,"b,c",,
use,b,a,,a,,a,e,,a,a,e,kendala tidak berfungsi sumur bor,e,,e,,b,,
use,b,b,,a,,a,d,,b,b,,,b,,a,,d,,
use,a,a,,b,,a,d,,b,b,,,b,,e,,b,,
use,a,a,,b,,a,d,,a,b,,,a,,d,,b,,
use,a,f,peternak,b,,a,e,menjaga lingkungan,a,a,b,,,,d,menanggulangi kebakaran,f,,
use,b,a,,b,,a,e,,a,a,b,,,,d,,e,,
use,a,a,,b,,a,c,,b,b,,,b,,e,,b,,
use,a,a,,b,,a,a,,a,b,,,b,,e,,b,,
use,a,a,,b,,a,d,dapat merusak tanah,a,b,,,a,,e,membantu mengatasi api,b,,
use,b,a,,a,,a,d,,a,a,b,,,,e,,b,,
use,b,a,,b,,a,d,,a,a,b,,,,e,,a,,
use,a,a,,b,,a,e,dapat membuat kabut,a,b,,,a,,d,biar kebakaran tidak ada,b,,
use,a,a,,b,,a,a,,a,a,b,,,,e,,f,,
use,a,a,,b,,a,d,,a,b,,,a,,d,,e,,
use,b,a,,b,,a,e,,a,b,,,b,,c,,b,,
use,b,"a,f",nelayan,a,,a,d,asap mengganggu,a,b,,,a,,d,mencegah kebakaran,"a,d",,
use,b,a,karet,a,,a,e,tidak berdampak kebakar kebun yang lain,a,b,,,c,,e,supaya tidak terbakar lahan yang lain,g,pengelolaan sekat kanal dan sumur bor setelah dibuat jangan ditinggal dan tidak dirawat,
use,b,c,,a,,a,d,"tidak ada kebakaran, tanaman terjaga",a,b,,,e,karena program pembasahan lahan khusus laki-laki,a,"membantu pemadaman, usaha mencari ikan lewat kanal",e,,
use,a,f,ternak,b,,a,d,"asap ganggu, merusak tanaman",a,a,b,,,,e,mengatasi kebakaran,f,,
use,b,"a,f",nelayan,a,,a,e,menimbulkan asap,a,b,e,tidak pernah terlibat,e,karena umur sudah tua,e,mencegah terjadi kebakaran,e,,
use,a,f,nelayan,a,,a,e,supaya tidak menimbulkan asap,a,b,,,b,,e,mencegah kebakaran,e,akses ke lokasi tidak mendukung,
use,b,f,nelayan,a,,a,e,supaya kebakaran tidak merambat,a,b,,,a,,d,bisa menggunakan sumur bor apabila musim kering,e,,
use,b,f,mahasiswa,a,,a,d,supaya tidak ada asap lagi,a,b,,,d,,d,bisa jadi tempat memadam api,"c,d,e",,
use,b,f,mahasiswa,a,,a,d,,a,b,,,c,,d,biar enak memadamkan api,"a,b,c,e",,
use,b,f,mahasiswa,a,,a,d,tidak membakar lahan sehingga banyak asap,a,b,,,d,,d,supaya tidak ada asap,"a,c,d,e",,
use,b,f,mahasiswa,,,a,d,"agar tidak menimbulkan kebakaran, asapnya mengganggu",a,b,,,c,,d,agar gambut tidak mudah terbaakar,b,kurangnya ajakan untuk membasahi lahan gambut,
use,b,f,pelajar,a,,a,d,biar alam tetap terjaga,a,b,,,c,,d,flora dan fauna ekosistem tetap terjaga,g,kurang begitu memahami karena ada kegiatan studi,
use,b,f,ibu rumah tangga,c,,a,d,,a,b,,,d,,d,menjaga lahan,"c,d,e",,
use,b,a,,a,,a,d,supaya tidak terjadi kebakaran,a,b,,,c,,d,menjaga lahan dan hutan,"c,d,e",,
use,b,f,swasta,a,,a,d,biar tidak ada asap lagi,a,b,,,d,,d,supaya hutan dan lahan terjaga,"a,b,e",,
use,b,f,swasta,a,,a,d,biar tidak kebakaran terutama gambut,a,b,,,b,,d,biar ada antisipasi ketika kemarau,e,lokasi beberapa km ke dalam hutan,
use,b,c,pedagang,a,,a,d,mengurangi asap,a,b,,,d,,d,biar tidak terjadi kebakaran,"b,d,e",,
use,b,c,,a,,a,d,supaya tidak terjadi kebakaran lahan,a,b,,,b,,d,tidak terjadi kebakaran lahan,b,kurangnya sosialisasi,
use,b,b,,a,,a,d,supaya tidak membakar lahan sembarangan,a,b,,,c,,d,menjaga kelembaban lahan gambut supaya tidak terbakar,"b,c","kurangnya ajakan, perjalanan untuk beroperasi masih kurang",
use,b,a,,b,,a,e,supaya tidak ada polusi,a,b,,,c,,e,supaya tidak ada kebakaran,e,akses jalan yang susah,
use,b,a,,b,,a,d,jangan merusak lingkungan,a,b,,,c,,b,karena kurang maksimal dan menghabiskan biaya saja,"b,c,e",,
use,b,a,,b,,a,d,,a,b,,,d,,d,,g,,
use,a,a,,b,,a,d,supaya tidak ada polusi,a,a,b,,,,e,supaya tidak terjadi kebakaran,d,kurang sigap dari pelayanan pemerintah,
use,b,a,,b,,a,d,lahan sawit supaya tidak terbakar,a,b,,,c,,d,supaya tidak ada kebakaran lahan,b,minimnya aparat desa mengajak madam api,
use,a,a,,b,,a,d,supaya tidak ada kebakaran,a,a,b,,,,e,supaya tidak ada kebakaran,d,kalau ada api baru ada tindakan,
use,b,a,,b,,a,d,biar gak ada asap,a,b,,,b,,d,biar tidak terjadi kebakaran lahan / hutan,"b,c,e",,
use,b,a,,b,,a,c,biar aman terhadap kebakaran,a,b,,,c,"berdagang, warung",c,,g,kurang begitu tau ada kegiatan,
use,a,f,pengelola buper,a,,a,e,supaya tidak ada asap,a,a,b,,,,e,agar tidak ada kebakaran hutan dan lahan,b,kurang sosialisasi dan ajakan,
use,b,f,mahasiswa,e,batak,a,e,,a,b,,,b,,e,agar tidak terjadi polusi udara,f,,
use,b,f,mahasiswa,e,batak,a,d,,a,b,,,b,,e,"supaya asap tidak ada lagi, tidak ada kebakaran",f,terlihat lancar-lancar saja,
use,b,c,,b,,a,d,,a,b,,,a,,d,,b,,
use,b,f,mahasiswa,a,,a,e,,a,b,a,,a,,d,,b,,
use,b,f,mahasiswa,c,,a,e,,a,b,,,b,,c,,b,,
use,b,f,mahasiswa,b,,a,d,,a,b,,,a,,d,,b,,
use,b,f,mahasiswa,e,batak,a,a,,a,b,,,a,,e,,b,,
use,b,e,siswa,c,,a,e,agar palangka aman dari asap,a,b,,,a,,e,susah untuk menanggulangi api,b,tidak tau informasi,
use,b,f,wiraswasta,c,,a,e,,a,b,,,a,,d,,b,,
use,b,e,,a,,a,e,,a,b,,,b,,e,biar kalteng aman dari kabut asap,b,,
use,b,b,,b,,a,d,asap mengganggu penerbangan,a,b,,,,,d,lahan gambut tidak mudah terbakar,,,
use,b,c,,b,,a,e,,a,b,,,b,,e,,b,,
use,b,b,,a,,a,e,agar tidak terjadi kabut asap,a,a,d,,,,e,mengantisipasi adanya kebakaran,"c,e",,
use,b,f,BNF,a,,a,e,,a,b,,,c,,e,,e,,
use,b,f,mahasiswa,a,,a,d,,a,b,,,a,,d,,b,,
use,a,a,,b,,a,d,,a,b,,,a,,d,,b,,
use,b,a,,a,,a,d,,a,a,b,,,,d,,e,,
use,b,a,,a,,a,d,karena jika dibakar merugikan masyarakat,a,a,b,,,,d,karena bagus untuk kebun masyarakat,e,,
use,b,a,,a,,a,e,biar kebunnya aman,a,b,,,a,,e,agar tidak terjadi kebakaran lahan,d,tidak waspada sebelum terjadi kebakaran,
use,a,f,ketua RT 5,a,,a,d,di daerah kita gambut bisa menjalar dan jadi api,a,b,d,,,,d,"jika ada program pembasahan gambut di desa, berarti bagus untuk mengurangi kebakaran",a,,
use,b,a,,b,,a,e,biar tidak ada kebakaran,a,a,a,,,,e,agar tidak ada asap lagi,f,karena disediakan instansi tempat bekerja,
use,a,a,,a,,a,c,tidak solusi dari pemda,b,b,,,b,,d,mencegah kebakaran,"b,c,d,e",,
use,b,a,,c,,a,d,supaya kebun yang lain tidak terbakar,a,a,a,,,,e,supaya air bertahan di tanah lembab agar tidak kebakar lahannya,g,karena airnya kering,
use,b,a,,a,,a,d,takut dampak asap,a,b,,,b,,d,menjaga lahan tidak terbakar,e,lahan jauh dan air habis / susah didapat,
use,b,a,,c,,a,e,kebun terpelihara,a,b,,,b,,c,"kalau musim kemarau air suka tidak ada, kebakaran jauh dari sumur bor",d,,
use,b,b,,a,,a,e,supaya flora dan fauna tetap terjaga,a,b,,,c,,e,membantu masyarakat agar tidak terjadi kebakaran,"b,e",,
use,a,b,,a,,a,e,"kabut asap, merusak kebun yang lainnya",a,a,b,,,,e,"menghindari kebakaran, agar kebunnya sukses / dapat dipanen",e,akses jalan yang susah,
use,b,a,,a,,a,d,,a,b,,,d,,d,mengurangi kerugian masyarakat,f,,
use,b,a,,a,,a,e,agar tidak kebakaran yang menyebabkan polusi,a,b,,,e,karena sudah tua,d,biar tidak kebakaran,b,ada petugas khusus yang ditunjuk,
use,b,a,,a,,a,d,agar tidak kebakaran terus-menerus,a,a,c,,,,d,untuk pencegahan kebakaran,f,,
use,a,b,honorer,a,,a,e,bisa merembet misalkan membakar,a,a,b,,,,e,agar tidak kebakaran,e,"jalan jauh, akses susah",
use,b,a,,a,,a,d,,a,b,,,d,,d,untuk pencegahan kebakaran,d,,
use,a,c,,a,,a,e,tidak terjadi bencana kabut asap,a,b,,,d,,e,mencegah karhutla,c,memerlukan tenaga dan biaya yang besar,
use,b,a,,b,,a,a,menjaga lahan,b,a,b,modal sendiri,d,,e,,"c,e",,
use,a,,,b,,a,c,kalau mau bakar lahan dijaga,a,b,,,c,,d,mengurangi kebakaran lahan,b,kurangnya sosialisasi,
use,b,f,ternak,a,,a,d,supaya tidak menyebabkan asap / kabut,a,a,a,,,,d,kalau siang kering mudah terbakar,f,masih bisa terjangkau,
use,b,a,,b,,a,d,supaya lahannya tidak terbakar,a,b,,,b,,d,menjaga lahan biar tidak kebakaran,b,tidak aja ajakan / sosialisasi,
use,a,a,,a,,a,d,asap,a,a,"a,b,c,d",,,,d,karena bagian dari organisasi jumpon pembelom,a,tidak banyak hasil karena jadi relawan,
use,b,f,nelayan tangkap ikan,c,,a,e,agar tidak terjadi polusi,a,b,,,b,,e,supaya tidak terjadi kebakaran,b,kurangnya sosialisasi / ajakan,
use,a,a,,b,,a,d,,a,b,,,b,,d,supaya tidak terjadi kebakaran,c,,
use,a,a,,b,,a,d,api bisa membakar kebun,a,b,,,a,,d,mencegah kebakaran kebun,d,lahan terbakar baru ada dana operasional,
use,b,a,,b,,a,e,supaya tidak terjadi kebakaran,a,b,,,c,,e,mencegah kebakaran,e,,
use,b,a,,b,,a,e,tidak menimbulkan asap,a,b,,,c,,e,mencegah terjadinya kebakaran,c,"kurangnya dana (biaya bensin, yang lelah)",
use,b,"a,f",nelayan,a,,a,e,karena takut pemukiman terkena percikan api dan terbakar,a,b,,,a,,a,karena bermanfaat akan kebun dan pencegah karhutla,"b,c,d,e","karena kurang mendapat informasi, minimnya dana mengakibatkan kurangnya tenaga kerja, keterlambatan pemerintah dalam menanggapi masalahnya, lokasi pemukiman yang jauh",
use,a,f,ibu rumah tangga,c,,a,e,"takut bahaya api, mengganggu kesehatan",a,a,a,,,,e,supaya tidak ada kebakaran. Jika bisa dilakukan setiap hari pembasahan,a,,
use,a,f,perikanan,a,,a,d,karena dapat membakar lahan,a,a,b,,,,e,agar tidak terbakar,g,air susah didapat ketika kemarau,
use,b,c,,a,,a,c,apabila harus dibakar maka harus dikontrol. Apabila dilarang jangan membakar,b,b,,,a,,e,karena untuk kebaikan lahan / kebun kita sendiri juga supaya tidak terjadi kebakaran,b,tidak ada informasi untuk mengajak masyarakat umum bergabung,
use,b,c,,c,,a,d,"bisa merambat ke tempat lain, misalnya walet",a,b,,,b,,d,kalau kering cepat terbakar. Kalau basah untuk mencegah agar tidak terbakar,f,,
use,b,f,nelayan,c,,b,d,habisnya habitat rumah ikan,a,b,,,,,d,,d,,
nonuse,b,c,,c,,a,e,agar tidak ada polusi udara,,b,,,b,,e,agar tidak terjadi kebakaran di lahan gambut,b,,
nonuse,a,e,,a,,a,e,pencemaran lingkungan (polusi udara),,b,,,b,,e,agar tidak kebakaran,e,jauh dari lokasi gambut,
nonuse,a,f,buruh serabutan,b,,a,e,membakar akan mempersulit mengolah tanahnya nanti,,a,b,,,,e,menjaga lahan agar tidak terbakar,c,uang pribadi yang keluar,
nonuse,b,c,,b,,a,d,demi kesejahteraan masyarakat,,b,,,a,,d,gambut lestari,b,jadi masyarakat tidak terlalu mengerti,
nonuse,b,c,,b,,a,c,karena tidak punya lahan gambut,,b,,,b,,d,karena tidak terjadi asap,b,karena berdagang,
nonuse,b,f,tukang,c,,a,d,biar gak kebakaran karena rentan gambut kebakaran,,b,,,b,,c,supaya tidak terbakar,"b,d","hanya ada tim-tim tertentu yang ikut, karena kalau pada musim hujan tidak akan terjadi kebakaran",
nonuse,b,f,tukang bangunan,a,,a,d,merusak lingkungan,,a,b,,,,d,menjaga lingkungan,"c,d","kurang dana untuk pengolahan lahan, dikarenakan musim hujan tidak akan terbakar",
nonuse,b,c,,b,,a,d,biar tidak merusak lahan,,b,,,c,,d,biar tidak terjadi asap dan kebakaran,"a,c","supaya ditambahkan lagi, karena hanya dikasih ketika ada kebakaran",
nonuse,a,f,wiraswasta,a,,a,d,asap dan merugikan,,a,"a,b,c,d",,,,d,biar tidak terjadi kebakaran,"a,b,c,d,e","tidak sebanding kalau kerja di kebun, karena masyarakat ada kesibukan sendiri, karena musim kemarau rawan kebakaran, beberapa km ke dalam",
nonuse,a,f ,buruh,b,,a,e,,,b,,,a,,d,,b,,
nonuse,b,f,buruh,b,,a,d,,,b,,,a,,d,,b,,
nonuse,b,f,nelayan,a,,a,e,supaya tidak menimbulkan asap,,b,,,c,,e,mencegah kebakaran,c,,
nonuse,a,f,tukang urut,a,,a,d,asap membahayakan kesehatan,,b,,,b,,d,terbantu untuk pemadaman,a,,
nonuse,b,f,swasta,a,,a,e,supaya tidak ada kebakaran,,b,,,b,,e,mencegah kebakaran,c,,
nonuse,b,e,,c,,a,a,manfaat besar untuk masyarakat,,b,,,b,,d,ada guna untuk masyarakat,b,,
nonuse,b,"a,f","tukang, nelayan",a,,a,e,karena menimbulkan asap,,b,,,d,tidak bisa ikut karena ada penyakit,e,air bersih mempermudah pemadaman air,e,,
nonuse,b,a,,a,,a,d,,,b,,,b,,e,,b,,
nonuse,b,f,swasta,a,,b,d,,,a,b,,c,,d,,c,,
nonuse,a,f,membersihkan lahan,a,,a,e,,,a,a,,,,e,"mengurangi asap, masyarakat sehat",f,,
nonuse,a,f,"nelayan, serabutan, pembersihan lahan",c,,a,e,mengganggu pernapasan,,b,,,a,,e,mengurangi asap,c,tidak dapat dana pemadaman swadaya,
nonuse,a,f,,b,,a,d,untuk kesehatan masyarakat,,b,,,b,,d,,b,,
nonuse,b,f,nelayan,a,,a,e,supaya tidak menimbulkan asap,,b,,,b,,e,supaya tidak menimbulkan asap,c,,
nonuse,b,f,"nelayan, kerja kayu",a,,a,e,,,b,,,b,,e,,c,,
nonuse,b,f,nelayan,c,,a,d,asap tidak bisa bernapas,,b,,,b,,d,,e,,
nonuse,b,f,wiraswasta,a,,a,d,asap membuat polisi udara,,b,,,b,,d,pencegahan supaya lahan tidak terbakar,d,lahan tidak dibasahi secepatnya akan mudah terbakar,
nonuse,b,f,buruh serabutan,a,,a,e,supaya tidak terjadi kabut asap jangka panjang,,b,,,b,,e,agar lahan gambut tidak terbakar,f,,
nonuse,a,e,,a,,a,e,"supaya asap tidak ada, udara bersih",,b,,,c,,e,agar tidak terjadi kebakaran,b,kurang sosialisasi dan ajakan,
nonuse,a,f,karyawan swasta,a,,a,e,agar tidak kabut asap,,b,,,b,,e,agar tidak terjadi kebakaran,f,,
nonuse,b,f,"nelayan, tambang",a,,a,d,supaya tidak mengganggu pernapasan,,b,,,b,,d,membantu pemadaman,e,,
nonuse,a,e,,a,,a,e,supaya tidak ada polusi,,b,,,c,,e,agar tidak terjadi kebakaran,c,alat alat kurang lengkap,
nonuse,a,f,swasta,a,,a,e,bagian dari tim pemadam kebakaran,,a,a,,,,e,supaya tidak terjadi kebakaran dan asap,"c,e",apa yang rusak harus ada pergantian alat (pemeliharaan). Kurang efektif karena jauh menempuh jarak 3 km,
nonuse,a,f,pemulung,b,,a,a,merugikan negara dan masyarakat,,b,,,b,,a,untuk mensejahterakan masyarakat,f,karena setiap tahun ada tambahan terus,
nonuse,b,c,,c,,a,d,asap mengganggu kesehatan,,b,,,d,,d,mencegah asap,d,pembasahan hanya dilakukan saat keadaan darurat kebakaran,
nonuse,b,f,tukang,a,,a,d,menimbulkan asap,,b,,,b,,e,mencegah kebakaran,e,,
nonuse,a,f,wiraswasta,a,,a,d,mencegah kebakaran,,a,a,,,,d,supaya tidak terjadi kebakaran,c,,
nonuse,b,d,penambang,a,,a,d,supaya tidak terjadi kabut asap,,b,,,b,,d,,c,,
nonuse,b,f,tukang,a,,a,d,merusak hutan,,a,a,,b,,d,mencegah pembakaran lahan,a,,
nonuse,b,c,,a,,a,e,supaya tidak terjadi kebakaran,,b,,,d,,d,,c,,
nonuse,b,f,tukang,a,,a,d,mencegah polusi udara,,b,,,b,,d,biar tidak mudah terjadi kebakaran hutan,"c,d",ketika musim penghujan tidak apa-apa,
nonuse,b,c,,a,,a,d,,,b,,,b,,d,,b,,
nonuse,b,f,guru honorer,a,,a,d,"gambut apabila terbakar susah dipadamkan, asap",,b,,,b,,d,untuk pencegahan kebakaran lahan,b,minimnya informasi pada masyarakat lokal,
nonuse,b,c,,b,,a,d,membakar bisa mencemar udara,,b,,,b,,d,karena membantu kalo terjadi kebakaran,f,,
nonuse,b,a,,a,,a,d,dikarenakan asap,,b,,,c,,d,untuk kepentingan masyarakat,d,,
nonuse,b,c,,b,,a,d,merugikan masyarakat,,b,,,d,,d,sebagai upaya penjagaan,d,akibatnya kebakaran,
nonuse,b,f,wiraswasta,c,,b,c,biar tidak kebakaran,,b,,,d,,c,kurang begitu paham programnya,"b,e",,
nonuse,b,f,swasta,c,,a,d,menjaga lingkungan,,b,,,c,,d,mempermudah mengambil air dari pembasahan lahan,"c,e",,
nonuse,b,e,,a,,b,d,supaya tidak ada asap lagi,,b,,,b,,d,mempermudah untuk memadamkan api ketika terbakar,b,kurangnya sosialisasi,
nonuse,b,f,pegawai swasta,a,,a,d,tidak kebakaran,,a,"a,b,c,d",,,,e,gambut basah akan sulit terbakar,"a,b,c,d",biar tidak kebakar,
nonuse,b,f,staf yayasan BNF,a,,a,d,tidak terjadi kebakaran yang lebih besar,,a,a,,,,d,dapat mencegah kebakaran sejak dini,"c,g","keterlambatan dana untuk operasional lapangan, minimnya peralatan",
nonuse,a,f,swasta,a,,a,e,"supaya tidak menimbulkan asap, tidak merugikan masyarakat, lahan tetap terjaga",,a,a,,,,e,gambut tetap basah dan tidak mudah terbakar,c,karena perlu dana operasional untuk melaksanakannya,
nonuse,b,c,pedagang,a,,a,d,tidak banyak asap,,b,,,c,,d,tidak terjadi kebakaran lahan,b,,
nonuse,a,e,,b,,a,e,agar tidak ada polusi udara,,b,,,c,,e,agar tidak terjadi kebakaran hutan dan lahan,b,kurang sosialisasi,
nonuse,b,f,karyawan swasta,a,,a,d,supaya tidak kebakaran,,b,,,b,,d,supaya hutan tidak terbakar lagi,b,,
nonuse,a,f,laundry,a,,a,d,karena untuk kesejahteraan masyarakat,,b,,,b,,d,agar tidak terjadi kebakaran,b,,
nonuse,a,f,ibu rumah tangga,c,,a,e,,,b,,,b,,e,,c,,
nonuse,a,f,wiraswasta,a,,a,d,agar tidak merusak lahan gambut,,b,,,b,,d,agar tidak kebakaran dan membuat penyakit,b,,
nonuse,b,f,mahasiswa,b,,a,e,agar tidak ada asap,,b,,,c,,e,agar tidak ada api,d,hanya dilakukan ketika lahan sudah terbakar,
nonuse,b,b,,c,,a,e,supaya tidak berdampak buruk pada lingkungan sekitar. Contohnya asap,,b,,,d,,e,mencegah kebakaran,e,,
nonuse,a,f,buruh serabutan,a,,a,e,supaya tidak ada polusi udara,,a,a,,,,e,agar tidak ada kebakaran hutan dan lahan,b,kurang sosialisasi dan ajakan, 
nonuse,b,f,swasta,a,,a,d,agar tidak ada orang membakar,,a,a,,,,d,mendapatkan pekerjaan,e,,
nonuse,a,f,karyawan swasta,a,,a,d,agar tidak terjadi polusi udara,,b,,,b,,e,agar tidak terjadi karhutla,b,karena kurang koordinasi dengan masyarakat sekitar,
nonuse,b,e,,a,,a,d,,,a,a,,,,d,membantu pemadaman,e,,
nonuse,b,e,,c,,a,d,agar tidak ada lagi kebakaran,,a,a,,,,d,membantu pendapatan masyarakat,e,,
nonuse,a,e,tukang getek,a,,a,d,,,b,,,b,,d,,e,,
nonuse,b,f,buruh bangunan,c,,a,e,agar tidak ada kabut asap,,a,a,,,,e,supaya tidak terjadi kebakaran,c,dana yang begitu minim,
nonuse,a,f,buruh serabutan,c,,a,e,agar tidak ada polusi udara yang mengganggu kesehatan,,a,a,,,,e,supaya tidak ada kebakaran hutan dan lahan,c,banyak kekurangan dana dalam pelaksanaan kegiatan tersebut,
nonuse,a,f,,b,,b,d,karena untuk kesejahteraan masyarakat,,b,,,a,,d,agar tidak ada kebakaran jika kebakaran banyak merugikan masyarakat,c,,
nonuse,b,f,,b,,a,d,untuk menjaga kelestarian gambut,,b,,,a,,d,bagus agar tidak terbakar,d,,
nonuse,b,f,,b,,a,d,untuk kesejahteraan masyarakat,,b,,,a,,d,agar tidak terjadi kebakaran,b,,
nonuse,b,c,,b,,a,e,,,b,,,a,,e,,e,,
nonuse,a,c,,b,,a,d,supaya tidak merugikan banyak orang,,b,,,a,,d,untuk kebaikan masyarakat,d,mungkin kekurangan dana atau kurang kepedulian,
nonuse,b,c,,c,,a,e,agar tidak ada asap lagi,,a,a,,,,e,agar tidak kebakaran,c,dana untuk kegiatan tersebut seharusnya ditambah,
nonuse,b,c,,b,,a,d,karena bisa menyebabkan polusi,,b,,,b,,d,agar tetap lestari dan tetao bisa cari kelakai gratis,d,,
nonuse,b,c,,b,,a,d,agar tidak merugikan banyak orang,,b,,,a,,d,untuk kebaikan masyarakat,b,,
nonuse,a,"a,f","security, penjaga sekolah",b,,a,c,untuk kondisinya situasi di lapangan,,a,b,,,,d,agar tidak ada kebakaran,c,,
nonuse,a,c,,b,,a,d,agar tidak kabut asap,,b,,,b,,d,agar tidak pembakaran liar,d,,
nonuse,a,f,buruh serabutan,c,,a,e,agar tidak ada polusi,,b,,,b,,e,agar tidak kebakaran,b,kurang sosialisasi,
nonuse,b,f,buruh serabutan,b,,a,e,supaya tidak ada polusi,,a,b,,,,e,biar tidak ada kebakaran,c,kurang perhatian terkait alat-alat pembasahan,
nonuse,b,f,buruh serabutan,a,,a,e,agar tidak terjadi kebakaran dan bencana kabut asap,,a,a,,,,d,agar tidak terjadi kebakaran,c,jarak tempuh jauh memerlukan biaya dan tenaga ekstra,
nonuse,a,f,ibu rumah tangga,c,,a,e,agar tidak terjadi kebakaran,,b,,,d,,e,agar tidak terjadi kebakaran,b,tidak diajak,
nonuse,b,f,buruh serabutan,a,,a,e,supaya tidak terjadi polusi udara,,a,a,,,,e,karena baik untuk masyarakat,c,karena memerlukan tenaga dan biaya yang sangat besar,
nonuse,a,f,serabutan,a,,a,e,agar tidak ada api,,b,,,b,,e,supaya tidak kebakaran,b,tidak ada ajakan,
nonuse,b,c,,a,,a,d,,,b,,,b,,d,,d,,
nonuse,b,e,,"a,b",,b,d,mengantisipasi api dan asap,,b,,,a,,e,agar tidak terjadi kebakaran,b,,
nonuse,b,f,mahasiswa,e,batak,a,e,,,b,,,a,,e,,d,,
nonuse,b,f,mahasiswa,a,,a,a,,,b,,,b,,e,agar tidak tercemar asap,e,,
nonuse,b,e,,c,,a,e,,,b,,,b,,e,,b,,
nonuse,b,f,mahasiswa,e,sunda,a,e,,,b,,,b,,e,,b,,
nonuse,b,f,buruh serabutan,a,,a,e,supaya tidak ada polusi,,b,,,b,,e,supaya tidak kebakaran,b,tidak ada ajakan,
nonuse,b,e,,a,,a,e,supaya tidak kebakaran,,b,,,b,,e,supaya tidak ada kebakaran,b,tidak diajak,
nonuse,b,f,paranormal,a,,a,d,pencemaran polusi udara dan lingkungan,,a,"b,d",,,,d,mengurangi kebakaran hutan secara liar,c,jalan menuju lokasi tidak dipelihara,
nonuse,b,f,ibu rumah tangga,a,,a,e,nyaman tidak kabut asap,,b,,,c,,e,tidak terjadi kebakaran,d,karena terjadi pembasahan ketika musim kemarau saja (ketika kebakaran saja),
nonuse,b,c,,a,,a,e,biar tidak ada polusi udara,,b,,,b,,a,supaya tidak terbakar,b,tidak ada ajakan,
nonuse,b,c,,b,,a,c,kurang begitu tau karena hanya berdagang,,b,,,a,,c,karena hanya berdagang,b,,
nonuse,a,f,tukang / buruh kasar,b,,b,c,,,b,,,b,,d,,b,,
nonuse,a,c,,b,,b,c,"karena berdagang, kurang tau menau",,b,,,a,,d,supaya mencegah kebakaran,"b,d,e",,
nonuse,b,e,,a,,a,d,,,b,b,,b,,d,,f,,
nonuse,b,c,,c,,a,d,,,b,,,b,,d,,b,,
nonuse,b,d,,a,,a,d,,,b,,,b,,e,mencegah kebakaran,c,,
nonuse,b,f,wiraswasta,c,,a,d,,,b,,,d,,d,,a,gara-gara proyek sejuta hektar. Bila digali gambut kebakaran,
nonuse,b,c,,a,,a,e,supaya tidak terjadi kebakaran,,b,,,b,,e,mencegah kebakaran,e,,
nonuse,b,c,,a,,a,d,asap,,b,,,a,,d,,g,tidak tahu,
nonuse,b,c,,b,,a,d,supaya tidak terjadi kebakaran lahan / hutan,,b,,,c,,d,menjaga hutan / lahan masyarakat,"b,c,e",,
nonuse,a,f,tukang bangunan,b,,a,c,dikarenakan hanya sebagai buruh bangunan,,b,,,c,bertukang,d,supaya tidak kebakaran,b,,
nonuse,b,f,kuli bangunan,b,,a,d,"lahan tidak terbakar, asap mengganggu kesehatan",,b,,,b,,d,tidak terbakar lahan gambut,b,tidak diajak,
nonuse,a,f,tukang bangunan,b,,a,d,"merugikan warga baik kayu, rumput",,b,,,b,,d,supaya tahan tidak terbakar,e,terlalu jauh jangkauan antara titik api dengan sumur bor,
nonuse,b,c,,b,,a,d,supaya lahan dan hutan tidak terbakar,,b,,,c,,d,,"b,e",,
nonuse,b,c,,b,,b,d,menjaga lingkungan,,b,,,c,,d,supaya tidak terjadi kebakaran,"c,e",,
nonuse,a,f ,swasta,b,,a,d,menjaga lingkungan,,a,a,,,,d,mengurangi dampak kebakaran,"b,c,d,e",,
nonuse,b,c,,b,,a,e,agar tidak ada polusi udara,,a,b,,,,e,agar tidak kebakaran,c,minimnya perhatian terhadap alat pembasahan,
nonuse,b,f,,c,,a,d,supaya tidak ada asap,,b,,,b,,d,setuju saja,b,tidak diikutsertakan dalam kegiatan,
nonuse,a,c,,b,,a,d,agar tidak terjadi polusi udara,,b,,,d,,d,agar tidak terjadi kebakaran yang merembet,c,memerlukan banyak energi dan dana yang besar,
nonuse,a,c,,b,,a,e,agar tidak ada asap,,b,,,d,,e,setuju saja,d,terlambat mengatasi,
nonuse,a,f,karyawan swasta,a,,a,e,agar polusi tidak terjadi berulang-ulang,,a,b,,,,e,mencegah perambatan api secara cepat,d,keterlambatan dalam penanganan karhutla,
nonuse,b,f,,c,,a,e,agar tidak terjadi polusi,,b,,,b,,e,supaya tidak terjadi kebakaran hutan dan lahan,b,kurang sosialisasi,
nonuse,b,f,karyawan swasta,b,,a,d,agar mengingatkan warga bahwa ada cara lain selain membakar,,b,,,b,,d,mencegah kebakaran,a,,
nonuse,b,f,swasta,a,,a,c,kurang begitu paham karena belum punya lahan,,a,b,,,,d,biar tidak kebakaran lahan,c,,
nonuse,b,f,tukang bangunan,b,,a,c,belum tau sepenuhnya tentang larangan,,b,,,a,,c,,"b,c",,
nonuse,b,f,tukang bangunan,a,,a,d,supaya tidak terjadi kebakaran,,b,,,b,,d,,b,,
nonuse,b,f,tukang,a,,a,e,,,b,,,b,,e,,c,,
nonuse,b,c,,c,,a,d,,,b,,,d,,d,mencegah kebakaran,d,,
nonuse,b,f,wiraswasta,a,,a,d,,,b,,,d,,d,mencegah kabut,d,,
nonuse,b,e,,a,,a,e,,,b,,,e,,e,,,,
nonuse,a,f,,a,,a,e,,,b,,,d,,d,,d,,
nonuse,b,f,bangunan,a,,a,d,,,b,,,b,,d,,f,,
nonuse,b,f,swasta,c,,a,d,supaya tidak terjadi asap,,b,,,b,,e,mencegah kebakaran,c,,
nonuse,b,f,"nelayan, bangunan",a,,a,d,supaya darah tidak rusak,,b,,,b,,d,untuk membantu pemadaman,f,,
nonuse,b,f,mengolah kulit sapi / menggarami,b,,a,d,,,b,,,e,,d,,b,,
nonuse,b,b,guru,a,,a,d,,,b,,,c,,d,,"b,e",,
nonuse,b,f,tukang bengkel,b,,a,c,kurang paham tentang bertani,,b,,,b,karena kurang informasi,d,perlu pembuatan kanal,"a,b",kurang begitu tau,
nonuse,b,c,warung makan,b,,b,d,supaya lahan tidak terbakar,,b,,,c,,d,,"c,e",,
nonuse,b,f,pedagang sayur,c,,a,d,supaya lahan terjaga,,b,,,b,,d,supaya tidak terjadi kebakaran,"a,b,d,g",karena sumur bor dibangun bukan saat musim kemarau sehingga kurang kedalamannya,
nonuse,b,f,buruh penjaga walet,b,,a,d,,,b,,,a,,e,,b,,
nonuse,a,f,swasta,b,,a,d,karena merusak lahan gambut,,a,a,,,,d,karena sumur bor dapat menguntungkan untuk orang sekitar,"b,c","kurangnya sosialisasi, karena tidak bisa membantu semua masyarakat untuk ikut kerja",
nonuse,b,f,bengkel,c,,a,e,asap mengganggu kesehatan,,b,,,c,,d,,"b,c",karena tidak pernah diajak,
nonuse,b,c,,c,,a,e,supaya tidak terjadi kebakaran hutan,,b,,,d,,e,mencegah kebakaran,e,lokasi yang sangat jauh,
nonuse,b,f,"serabutan (bangunan, nelayan)",a,,a,e,"dampaknya berbahaya untuk kesehatan, tempat tinggal bisa terbakar",,b,,,e,dalam keadaan fisik tidak kuat lagi (ada penyakit),e,agar tidak ada kebakaran,b,kurang meratanya dalam melakukan program,
nonuse,b,f,,c,,a,d,menjaga agar tidak terjadi kebakaran,,b,,,a,,d,agar tidak terjadi kebakaran,"b,d","tidak tahu, tidak melihat",
nonuse,b,f,nelayan,c,,a,e,karena dari membakar hutan akan mengakibatkan polusi udara (kabut asap),,b,,,b,,e,agar tidak ada kebakaran hutan,a,berkurangnya penghasilan,
nonuse,b,"c, f",buruh sengon,c,,a,d,mencegah kebakaran,,b,,,d,,d,kabut,d,upaya pencegahan,
